Наименование,Цена,Количество
"Диск алмазный 125х1,1х22 сплошн. SPLINTER Diamond Industrial/керамогранит, керамическая плитка",2250₽/шт, 56 шт
"Диск алмазный 125х1,1х22 сплошн. Керамик PRO TRIO-DIAMOND/керамогранит/",475₽/шт, 224 шт
"Диск алмазный 125х1,2х22 турбо(паутинка) HILBERG X-TYPE/керамогранит/",1560₽/шт, 226 шт
"Диск алмазный 125х22 сегм. ONYX/бетон , кирпич",280₽/шт, 4206 шт
"Диск алмазный 125х22 сегм. ФИБО/бетон , кирпич",175₽/шт, 1421 шт
Диск алмазный 125х22 сегм. KRONGER/армированный бетон,925₽/шт, 76 шт
"Диск алмазный 125х22 сегм. TRIO-DIAMOND/бетон , кирпич",430₽/шт, 84 шт
"Диск алмазный 125х22 мм турбо-сегментный гранит ПРАКТИКА ""Эксперт"" /034-328",1010₽/шт, 0 шт
"Диск алмазный 125х22 сегмент ПРАКТИКА ""Мастер"" /030-672",319₽/шт, 0 шт
"Диск алмазный 125х22 сплошн. ONYX/плитка , кирпич",190₽/шт, 2468 шт
"Диск алмазный 125х22 турбо ONYX/бетон , кирпич",240₽/шт, 2124 шт
"Диск алмазный 125х22 турбо TRIO-DIAMOND/бетон , кирпич",430₽/шт, 34 шт
"Диск алмазный 125х22 турбо-сегмент арм.бетон ПРАКТИКА ""Эксперт"" /030-764",1060₽/шт, 0 шт
Диск алмазный 150х22 сегм. Diamond Industrial/бетон,395₽/шт, 11 шт
Диск алмазный 180х22 сегм. Diamond Industrial/бетон,520₽/шт, 4 шт
"Диск алмазный 180х25,4 турбо(паутинка) HILBERG X-TYPE /керамогранит/",2745₽/шт, 3 шт
"Диск алмазный 200х25,4 турбо(паутинка) HILBERG X-TYPE /керамогранит/",3110₽/шт, 2 шт
"Диск алмазный 230х22 сегм. ONYX/бетон , кирпич",910₽/шт, 8150 шт
"Диск алмазный 230х22 сегм. ФИБО/бетон , кирпич",560₽/шт, 1749 шт
"Диск алмазный 230х22 сегм. TRIO-DIAMOND/бетон , кирпич",1095₽/шт, 1207 шт
Диск алмазный 230х22 сегм. KRONGER/армированный бетон,2290₽/шт, 145 шт
"Диск алмазный 230х22 сегм+турбо TRIO-DIAMOND PRO/железобетон, гранит",1510₽/шт, 265 шт
"Диск алмазный 230х22 сегм.+турбо TRIO-DIAMOND/бетон , кирпич",1095₽/шт, 61 шт
"Диск алмазный 230х22 сплошн. ONYX/плитка , кирпич",585₽/шт, 1112 шт
"Диск алмазный 230х22 турбо ONYX/бетон , кирпич",710₽/шт, 3916 шт
"Диск алмазный 230х22 турбо TRIO-DIAMOND/бетон , кирпич",1065₽/шт, 43 шт
"Диск алмазный 230х22 турбо Diamond Industrial/бетон , кирпич/",840₽/шт, 13 шт
"Диск алмазный 250х25,4 турбо(паутинка) HILBERG X-TYPE/керамогранит/",4475₽/шт, 0 шт
"Диск алмазный 350х25,4/22 сегм. ONYX/бетон",2760₽/шт, 1526 шт
"Диск алмазный 350х25,4 сегм. KRONGER/армированный бетон",5590₽/шт, 33 шт
"Диск алмазный 350х25,4 сегм. KRONGER/асфальт",6930₽/шт, 20 шт
"Диск алмазный 350х25,4 сегментный KRONGER/гранит, мрамор",5560₽/шт, 13 шт
"Диск алмазный 400х25,4/22 сегм. ONYX/бетон",3650₽/шт, 44 шт
"Диск алмазный 400х25,4 сегм. KRONGER/армированный бетон",6765₽/шт, 12 шт
"Диск алмазный 400х25,4 сегм. KRONGER/асфальт",7760₽/шт, 15 шт
"Диск алмазный 400х25,4 сегм.+турбо Diamond Industrial/бетон , кирпич/",4750₽/шт, 0 шт
"Круг алмазный гибкий шлифовальный 100 мм, №50 Diamond Industrial/керамогранит",490₽/шт, 10 шт
"Круг алмазный гибкий шлифовальный 100 мм, №100 Diamond Industrial/керамогранит",490₽/шт, 16 шт
"Круг алмазный гибкий шлифовальный 100 мм, №200 Diamond Industrial/керамогранит",490₽/шт, 20 шт
"Круг алмазный гибкий шлифовальный 100 мм, №400 Diamond Industrial/керамогранит",490₽/шт, 10 шт
Чашка алмазная 115*22 сегм. 2-х рядная ONYX,595₽/шт, 1051 шт
Чашка алмазная 125*22 сегм. 2-х рядная ONYX,830₽/шт, 6565 шт
Чашка алмазная 125*22 сегм. 2-х рядная Trio-Diamond,1065₽/шт, 145 шт
Чашка алмазная 125*22 турбо ONYX,570₽/шт, 1391 шт
Чашка алмазная 180*22 сегм. 2-х рядная ONYX,1450₽/шт, 1245 шт
Чашка алмазная 230*22 сегм. 2-х рядная ONYX,2560₽/шт, 1214 шт
Круг алмазный для заточки/доводки 1А1 150х10х3х32 100/80,2650₽/шт, 19 шт
Чашка алмазная для заточки/доводки 12А2-45гр. 150х10х3х32 100/80,2450₽/шт, 20 шт
Диск по дереву 125х22 сегментный Hilberg Super Wood,865₽/шт, 105 шт
Круг коралловый зачистной 125x22,685₽/шт, 58 шт
"Круг обдирочный победитовый 125х22,2 зерно 1",1300₽/шт, 0 шт
"Круг обдирочный победитовый 125х22,2 зерно 5",1300₽/шт, 0 шт
Коронка алмазная в сборе 68*70мм/подрозетник SDS+Diamond Industrial,2920₽/шт, 10 шт
Коронка алмазная в сборе 72*70мм/подрозетник SDS+ Diamond Industrial,3050₽/шт, 14 шт
Коронка алмазная в сборе 82*70мм/подрозетник SDS+ Diamond Industrial,3150₽/шт, 11 шт
Коронка алмазная по керамограниту 25 мм TRIO-DIAMOND,735₽/шт, 78 шт
Коронка алмазная по керамограниту 30 мм TRIO-DIAMOND,880₽/шт, 19 шт
Коронка алмазная по керамограниту 35 мм TRIO-DIAMOND,965₽/шт, 37 шт
Коронка алмазная по керамограниту 40 мм TRIO-DIAMOND,1130₽/шт, 36 шт
Коронка алмазная по керамограниту 45 мм TRIO-DIAMOND,1245₽/шт, 30 шт
Коронка алмазная по керамограниту 50 мм TRIO-DIAMOND,1375₽/шт, 4 шт
Коронка алмазная по керамограниту 68 мм TRIO-DIAMOND,1840₽/шт, 81 шт
Коронка алмазная по керамограниту 120 мм TRIO-DIAMOND,3025₽/шт, 37 шт
Коронка алмазная по керамограниту 130 мм TRIO-DIAMOND,3595₽/шт, 0 шт
Коронка алмазная по керамограниту 25 мм Hilberg/УШМ,1440₽/шт, 19 шт
Коронка алмазная по керамограниту 35 мм Hilberg/УШМ,1780₽/шт, 25 шт
Коронка алмазная по керамограниту 40 мм Hilberg/УШМ,2020₽/шт, 33 шт
Коронка алмазная по керамограниту 45 мм Hilberg/УШМ,2235₽/шт, 20 шт
Коронка алмазная по керамограниту 68 мм Hilberg/УШМ,3315₽/шт, 28 шт
Домкрат гидравлический 5 т 195--385 мм AUTOVIRAZH (AV-074205),1630₽/шт, 0 шт
Домкрат гидравлический 5 т 216-413 мм АВТОДЕЛО (43305),1730₽/шт, 12 шт
Домкрат гидравлический 6 т 216-413 мм АВТОДЕЛО (43306),2050₽/шт, 8 шт
Домкрат гидравлический 12 т 210-415 мм низкий подхват АВТОДЕЛО (43120),2900₽/шт, 7 шт
Домкрат гидравлический 20 т 217-407 мм низкий подхват АВТОДЕЛО (43200),4400₽/шт, 6 шт
Домкрат гидравлический 20 т 220-360 мм AUTOVIRAZH (AV-074220),3400₽/шт, 0 шт
"Домкрат гидравлический ДГ 30 т 260-430 мм ""TOR""",5050₽/шт, 0 шт
"Домкрат гидравлический 50 т 250-420 мм ""TOR""",7335₽/шт, 1 шт
Домкрат подкатной 2 т 130-345 мм АВТОДЕЛО (43219),3520₽/шт, 3 шт
Домкрат подкатной 2 т 140-387 мм БМ (172006),4520₽/шт, 3 шт
"Домкрат реечный ДР-3000, 3 т, ""TOR""",13260₽/шт, 2 шт
"Домкрат реечный ДР-5000, 5 т, ""TOR""",19900₽/шт, 1 шт
"Домкрат реечный низкий подхват ДРН-5000, 5 т, ""TOR""",23900₽/шт, 1 шт
"Монтажно-тяговый механизм МТМ-1600 (1600 кг, 20м) ""ТОР""",15860₽/шт, 1 шт
"Монтажно-тяговый механизм МТМ-3200 (3200 кг, 20м) ""ТОР""",21600₽/шт, 1 шт
Монтировка монтажная 600 мм (под домкрат),660₽/шт, 40 шт
Шприц рычажно-плунжерный 300 мл АВТОДЕЛО (42024),680₽/шт, 20 шт
Шприц рычажно-плунжерный 400 мл АВТОДЕЛО (42040),920₽/шт, 19 шт
Шприц рычажно-плунжерный 500 мл АВТОДЕЛО (42022),1320₽/шт, 16 шт
"Ремень буксировочный РБ5 - 5,0т/5 м с крюками",725₽/шт, 5 шт
"Строп текстильный СТП 1,0тн/1000мм (ширина 30мм)",158₽/шт, 93 шт
"Строп текстильный СТП 1,0тн/2000мм (ширина 30мм)",225₽/шт, 69 шт
"Строп текстильный СТП 1,0тн/3000мм (ширина 30мм)",310₽/шт, 29 шт
"Строп текстильный СТП 1,0тн/4000мм (ширина 30мм)",400₽/шт, 9 шт
"Строп текстильный СТП 1,0тн/5000мм (ширина 30мм)",460₽/шт, 7 шт
"Строп текстильный СТП 2,0тн/2000мм (ширина 60мм)",395₽/шт, 93 шт
"Строп текстильный СТП 2,0тн/3000мм (ширина 60мм)",530₽/шт, 73 шт
"Строп текстильный СТП 2,0тн/4000мм (ширина 60мм)",675₽/шт, 54 шт
"Строп текстильный СТП 2,0тн/5000мм (ширина 60мм)",790₽/шт, 13 шт
"Строп текстильный СТП 2,0тн/6000мм (ширина 60мм)",920₽/шт, 28 шт
"Строп текстильный СТП 3,0тн/3000мм (ширина 90мм)",715₽/шт, 123 шт
"Строп текстильный СТП 3,0тн/4000мм (ширина 90мм)",940₽/шт, 82 шт
"Строп текстильный СТП 3,0тн/5000мм (ширина 90мм)",1140₽/шт, 43 шт
"Строп текстильный СТП 3,0тн/6000мм (ширина 90мм)",1350₽/шт, 63 шт
"Строп текстильный СТП 4,0тн/3000мм (ширина 120мм)",990₽/шт, 21 шт
"Строп текстильный СТП 4,0тн/4000мм (ширина 120мм)",1270₽/шт, 41 шт
"Строп текстильный СТП 4,0тн/5000мм (ширина 120мм)",1580₽/шт, 29 шт
"Строп текстильный СТП 4,0тн/6000мм (ширина 120мм)",1815₽/шт, 13 шт
"Строп текстильный СТП 5,0тн/2000мм (ширина 150мм)",950₽/шт, 12 шт
"Строп текстильный СТП 5,0тн/4000мм (ширина 150мм)",1765₽/шт, 22 шт
"Строп текстильный СТП 5,0тн/5000мм (ширина 150мм)",2115₽/шт, 42 шт
"Строп текстильный СТП 5,0тн/6000мм (ширина 150мм)",2575₽/шт, 35 шт
"Строп текстильный СТП 6,0тн/3000мм (ширина 180мм)",1530₽/шт, 14 шт
"Строп текстильный СТП 6,0тн/4000мм (ширина 180мм)",1940₽/шт, 3 шт
"Строп текстильный СТП 6,0тн/5000мм (ширина 180мм)",2495₽/шт, 5 шт
"Строп текстильный СТП 6,0тн/6000мм (ширина 180мм)",2910₽/шт, 11 шт
"Строп текстильный СТП 8,0тн/5000мм (ширина 240мм)",3570₽/шт, 4 шт
"Строп текстильный СТП 8,0тн/6000мм (ширина 240мм)",4460₽/шт, 3 шт
"Строп текстильный СТП 8,0тн/8000мм (ширина 240мм)",5540₽/шт, 2 шт
"Строп текстильный СТП 10,0тн/5000мм (ширина 300мм)",4365₽/шт, 6 шт
"Захват для бетонных колец, Q=2т, L=1,5м (две ветви)",15425₽/шт, 0 шт
"Захват для бетонных колец, Q=3т, L=2м (три ветви)",23840₽/шт, 0 шт
"Строп цепной 1СЦ с крюком SKHL (1,12т/1м)*",925₽/шт, 0 шт
"Строп цепной 1СЦ с крюком SKHL (1,12т/2м)*",1220₽/шт, 0 шт
"Строп цепной 1СЦ с крюком SKHL (1,12т/3м)*",1510₽/шт, 0 шт
Строп цепной 1СЦ с крюком SKHL (2т/2м)*,1750₽/шт, 0 шт
Строп цепной 1СЦ с крюком SKHL (2т/3м)*,2265₽/шт, 0 шт
"Строп цепной 1СЦ с крюком SKHL (2т/3м, укоротитель цепи)*",2430₽/шт, 0 шт
Строп цепной 1СЦ с крюком SKHL (2т/4м)*,2780₽/шт, 0 шт
Строп цепной 1СЦ с крюком SKHL (2т/6м)*,3810₽/шт, 0 шт
"Строп цепной 1СЦ с крюком SKHL (3,15т/1м, укоротитель цепи)*",2230₽/шт, 0 шт
"Строп цепной 1СЦ с крюком SKHL (3,15т/2м)*",2515₽/шт, 0 шт
"Строп цепной 1СЦ с крюком SKHL (3,15т/2м, укоротитель цепи)*",2925₽/шт, 0 шт
"Строп цепной 1СЦ с крюком SKHL (3,15т/3м)*",3400₽/шт, 0 шт
"Строп цепной 1СЦ с крюком SKHL (3,15т/4м)*",3895₽/шт, 0 шт
"Строп цепной 1СЦ с крюком SKHL (3,15т/5м)*",4590₽/шт, 0 шт
"Строп цепной 1СЦ с крюком SKHL (3,15т/6м)*",5280₽/шт, 0 шт
"Строп цепной 1СЦ с крюком SKHL (5,3т/1,0м)",3345₽/шт, 0 шт
"Строп цепной 1СЦ с крюком SKHL (5,3т/2,0м)",4565₽/шт, 0 шт
"Строп цепной 1СЦ с крюком SKHL (5,3т/2,0м, укоротитель цепи)",5305₽/шт, 0 шт
"Строп цепной 1СЦ с крюком SKHL (5,3т/2,0м)",5955₽/шт, 0 шт
"Строп цепной 1СЦ с крюком SKHL (5,3т/3,0м, укоротитель цепи)",6010₽/шт, 0 шт
"Строп цепной 1СЦ с крюком SKHL (5,3т/4,0м)",7220₽/шт, 0 шт
"Строп цепной 1СЦ с крюком SKHL (5,3т/4,2м)",6945₽/шт, 0 шт
"Строп цепной 1СЦ с крюком SKHL (8,0т/3м)",8785₽/шт, 0 шт
"Строп цепной 1СЦ с крюком SKHL (8,0т/5м)",12515₽/шт, 0 шт
"Строп цепной 2СЦ с крюком SKHL (1,6т/1м)",1595₽/шт, 0 шт
"Строп цепной 2СЦ с крюком SKHL (1,6т/1м, укоротитель цепи)*",1780₽/шт, 0 шт
"Строп цепной 2СЦ с крюком SKHL (1,6т/2м)*",2175₽/шт, 0 шт
"Строп цепной 2СЦ с крюком SKHL (1,6т/2м, укоротитель цепи)*",2365₽/шт, 0 шт
"Строп цепной 2СЦ с крюком SKHL (1,6т/3м)*",3000₽/шт, 0 шт
"Строп цепной 2СЦ с крюком SKHL (2,12т/1м)*",2045₽/шт, 0 шт
"Строп цепной 2СЦ с крюком SKHL (2,12т/1м, укоротитель цепи)*",2380₽/шт, 0 шт
"Строп цепной 2СЦ с крюком SKHL (2,12т/2м)*",2880₽/шт, 0 шт
"Строп цепной 2СЦ с крюком SKHL (2,12т/2м, укоротитель цепи)*",3215₽/шт, 0 шт
"Строп цепной 2СЦ с крюком SKHL (2,12т/3м)*",3715₽/шт, 0 шт
"Строп цепной 2СЦ с крюком SKHL (2,8т/1,0м)*",2265₽/шт, 0 шт
"Строп цепной 2СЦ с крюком SKHL (2,8т/1,5м)",2780₽/шт, 0 шт
"Строп цепной 2СЦ с крюком SKHL (2,8т/2,0м)*",3295₽/шт, 0 шт
"Строп цепной 2СЦ с крюком SKHL (2,8т/3,0м)*",4325₽/шт, 0 шт
"Строп цепной 2СЦ с крюком SKHL (2,8т/3,5м)*",4975₽/шт, 0 шт
"Строп цепной 2СЦ с крюком SKHL (2,8т/4м, укоротитель цепи)*",5280₽/шт, 0 шт
"Строп цепной 2СЦ с крюком SKHL (4,25т/1м)*",3565₽/шт, 0 шт
"Строп цепной 2СЦ с крюком SKHL (4,25т/2м)*",4950₽/шт, 0 шт
"Строп цепной 2СЦ с крюком SKHL (4,25т/2м, укоротитель цепи)*",5770₽/шт, 0 шт
"Строп цепной 2СЦ с крюком SKHL (4,25т/3м)*",6335₽/шт, 0 шт
"Строп цепной 2СЦ с крюком SKHL (4,25т/4м)*",7720₽/шт, 0 шт
"Строп цепной 2СЦ с крюком SKHL (4,25т/4м, укоротитель цепи)*",9050₽/шт, 0 шт
"Строп цепной 2СЦ с крюком SKHL (4,25т/5м)*",9105₽/шт, 0 шт
"Строп цепной 2СЦ с крюком SKHL (7,5т/1,0м)*",6300₽/шт, 0 шт
"Строп цепной 2СЦ с крюком SKHL (7,5т/2м)*",8885₽/шт, 0 шт
"Строп цепной 2СЦ с крюком SKHL (7,5т/2м, укоротитель цепи)*",10360₽/шт, 0 шт
"Строп цепной 2СЦ с крюком SKHL (7,5т/3м)*",11470₽/шт, 0 шт
"Строп цепной 2СЦ с крюком SKHL (7,5т/5м, укоротитель цепи)*",17080₽/шт, 0 шт
"Строп цепной 2СЦ с крюком SKHL (11,2т/1м)*",10230₽/шт, 0 шт
"Строп цепной 2СЦ с крюком SKHL (11,2т/2м)*",13965₽/шт, 0 шт
"Строп цепной 2СЦ с крюком SKHL (11,2т/3м)*",17695₽/шт, 0 шт
"Строп цепной 2СЦ с крюком SKHL (11,2т/6м)*",28895₽/шт, 0 шт
"Строп цепной 2СЦ с крюком SKHL (11,2т/8м)*",36355₽/шт, 0 шт
"Строп цепной 2СЦ с крюком SKHL (11,2т/11м)*",44650₽/шт, 0 шт
"Строп цепной 3СЦ с крюком SKHL (2,36т/2,0м)",3380₽/шт, 0 шт
"Строп цепной 3СЦ с крюком SKHL (3,15т/2м)*",4860₽/шт, 0 шт
"Строп цепной 4СЦ с крюком SKHL (2,36т/0,6м)*",2730₽/шт, 0 шт
"Строп цепной 4СЦ с крюком SKHL ( 2,36т/1,0м)*",3185₽/шт, 0 шт
"Строп цепной 4СЦ с крюком SKHL ( 2,36т/1,0м, укоротитель цепи)*",3520₽/шт, 0 шт
"Строп цепной 4СЦ с крюком SKHL (2,36т/1,5м)",3745₽/шт, 0 шт
"Строп цепной 4СЦ с крюком SKHL (2,36т/1,5м, укоротитель цепи)",4100₽/шт, 0 шт
"Строп цепной 4СЦ с крюком SKHL (2,36т/2,0м)*",4305₽/шт, 0 шт
"Строп цепной 4СЦ с крюком SKHL (2,36т/2,0м, укоротитель цепи)*",4685₽/шт, 0 шт
"Строп цепной 4СЦ с крюком SKHL (2,36т/2,5м)*",4890₽/шт, 0 шт
"Строп цепной 4СЦ с крюком SKHL (2,36т/2,5м, укоротитель цепи)*",5725₽/шт, 0 шт
"Строп цепной 4СЦ с крюком SKHL (2,36т/2м, укоротитель цепи)*",4685₽/шт, 0 шт
"Строп цепной 4СЦ с крюком SKHL (2,36т/3м)*",5590₽/шт, 0 шт
"Строп цепной 4СЦ с крюком SKHL (2,36т/4м)*",6630₽/шт, 0 шт
"Строп цепной 4СЦ с крюком SKHL (2,36т/5м, укоротитель цепи)",8190₽/шт, 0 шт
"Строп цепной 4СЦ с крюком SKHL (3,15т/1,0м)",4460₽/шт, 0 шт
"Строп цепной 4СЦ с крюком SKHL (3,15т/1,5м)",5280₽/шт, 0 шт
"Строп цепной 4СЦ с крюком SKHL (3,15т/2м)*",6110₽/шт, 0 шт
"Строп цепной 4СЦ с крюком SKHL (3,15т/2м, укоротитель цепи)*",6785₽/шт, 0 шт
"Строп цепной 4СЦ с крюком SKHL (3,15т/3м)*",7780₽/шт, 0 шт
"Строп цепной 4СЦ с крюком SKHL (3,15т/3м, укоротитель цепи)*",8450₽/шт, 0 шт
"Строп цепной 4СЦ с крюком SKHL (3,15т/5м, укоротитель цепи)",10620₽/шт, 0 шт
"Строп цепной 4СЦ с крюком SKHL (3,15т/4м, укоротитель цепи)",10120₽/шт, 0 шт
"Строп цепной 4СЦ с крюком SKHL (31,5т/6м, укоротитель цепи)",140710₽/шт, 0 шт
"Строп цепной 4СЦ с крюком SKHL (4,25т/1,0м)*",4705₽/шт, 0 шт
"Строп цепной 4СЦ с крюком SKHL (4,25т/1,5м)*",5735₽/шт, 0 шт
"Строп цепной 4СЦ с крюком SKHL (4,25т/1,5м, укоротитель цепи)*",6550₽/шт, 0 шт
"Строп цепной 4СЦ с крюком SKHL (4,25т/2,5м)*",7795₽/шт, 0 шт
"Строп цепной 4СЦ с крюком SKHL (4,25т/2,5м, укоротитель цепи)*",8465₽/шт, 0 шт
"Строп цепной 4СЦ с крюком SKHL (4,25т/2м)*",6760₽/шт, 0 шт
"Строп цепной 4СЦ с крюком SKHL (4,25т/2м, укоротитель цепи)*",7430₽/шт, 0 шт
"Строп цепной 4СЦ с крюком SKHL (4,25т/3,5м)*",9855₽/шт, 0 шт
"Строп цепной 4СЦ с крюком SKHL (4,25т/3,5м, укоротитель цепи)*",10520₽/шт, 0 шт
"Строп цепной 4СЦ с крюком SKHL (4,25т/3м)*",8820₽/шт, 0 шт
"Строп цепной 4СЦ с крюком SKHL (4,25т/3м, укоротитель цепи)*",9490₽/шт, 0 шт
"Строп цепной 4СЦ с крюком SKHL (4,25т/4м)*",10880₽/шт, 0 шт
"Строп цепной 4СЦ с крюком SKHL (4,25т/4м, укоротитель цепи)*",11550₽/шт, 0 шт
"Строп цепной 4СЦ с крюком SKHL (4,25т/5м)*",11875₽/шт, 0 шт
"Строп цепной 4СЦ с крюком SKHL (4,25т/6м)*",15000₽/шт, 0 шт
"Строп цепной 4СЦ с крюком SKHL (6,7т/1м)*",7085₽/шт, 0 шт
"Строп цепной 4СЦ с крюком SKHL (6,7т/2,5м)",11180₽/шт, 0 шт
"Строп цепной 4СЦ с крюком SKHL (6,7т/2м)*",9880₽/шт, 0 шт
"Строп цепной 4СЦ с крюком SKHL (6,7т/2м, укоротитель цепи)*",11440₽/шт, 0 шт
"Строп цепной 4СЦ с крюком SKHL (6,7т/3м)*",12560₽/шт, 0 шт
"Строп цепной 4СЦ с крюком SKHL (6,7т/3м, укоротитель цепи)*",14210₽/шт, 0 шт
"Строп цепной 4СЦ с крюком SKHL (6,7т/4м)",15340₽/шт, 0 шт
"Строп цепной 4СЦ с крюком SKHL (6,7т/4м, укоротитель цепи)*",16980₽/шт, 0 шт
"Строп цепной 4СЦ с крюком SKHL (6,7т/5м)*",18100₽/шт, 0 шт
"Строп цепной 4СЦ с крюком SKHL (6,7т/5м, укоротитель цепи)*",19760₽/шт, 0 шт
"Строп цепной 4СЦ с крюком SKHL (6,7т/6м)*",20870₽/шт, 0 шт
"Строп цепной 4СЦ с крюком SKHL (6,7т/6м, укоротитель цепи)*",22515₽/шт, 0 шт
"Строп цепной 4СЦ с крюком SKHL (11,2т/2,5м)",20715₽/шт, 0 шт
"Строп цепной 4СЦ с крюком SKHL (11,2т/2м)*",18135₽/шт, 0 шт
"Строп цепной 4СЦ с крюком SKHL (11,2т/3м)*",19500₽/шт, 0 шт
"Строп цепной 4СЦ с крюком SKHL (11,2т/3м, укоротитель цепи)*",25200₽/шт, 0 шт
"Строп цепной 4СЦ с крюком SKHL (11,2т/4м)*",28470₽/шт, 0 шт
"Строп цепной 4СЦ с крюком SKHL (11,2т/4м укоротитель цепи)*",31415₽/шт, 0 шт
"Строп цепной 4СЦ с крюком SKHL (11,2т/5м, укоротитель цепи)*",36580₽/шт, 0 шт
"Строп цепной 4СЦ с крюком SKHL (11,2т/6м)*",30000₽/шт, 0 шт
"Строп цепной 4СЦ с крюком SKHL (11,2т/6м укоротитель цепи)*",41750₽/шт, 0 шт
"Строп цепной 4СЦ с крюком SKHL (11,2т/8м укоротитель цепи)*",52085₽/шт, 0 шт
"Строп цепной 4СЦ с крюком SKHL (17т/11,5м)*",98540₽/шт, 0 шт
"Строп цепной 4СЦ с крюком SKHL (17т/2м, укоротитель цепи)*",32520₽/шт, 0 шт
Строп цепной 4СЦ с крюком SKHL (17т/4м)*,42600₽/шт, 0 шт
Строп цепной 4СЦ с крюком SKHL (17т/6м)*,57375₽/шт, 0 шт
"Строп цепной 4СЦ с крюком SKHL (17т/6м, укоротитель цепи)*",62400₽/шт, 0 шт
Строп цепной 4СЦ с крюком SKHL (17т/7м)*,64845₽/шт, 0 шт
Строп цепной 4СЦ с крюком SKHL (17т/8м)*,72305₽/шт, 0 шт
Строп цепной 4СЦ с крюком SKHL (20т/5м)*,67815₽/шт, 0 шт
"Строп канатный универсальный УСК1- 0,63/2,0 (d 8,1мм)**",1005₽/шт, 0 шт
"Строп канатный универсальный УСК1- 1,0/1,0 (d 11,0мм)**",875₽/шт, 0 шт
"Строп канатный универсальный УСК1- 1,0/1,2 (d 11,0мм)**",950₽/шт, 0 шт
"Строп канатный универсальный УСК1- 1,0т/2,0м (d 11,0мм)**",1260₽/шт, 0 шт
"Строп канатный универсальный УСК1- 1,0т/3,0м (d 11,0мм)**",1650₽/шт, 0 шт
"Строп канатный универсальный УСК1- 1,0т/4,0м (d 11,0мм)**",2035₽/шт, 0 шт
"Строп канатный универсальный УСК1- 1,0т/5,0м (d 11,0мм)**",2420₽/шт, 0 шт
"Строп канатный универсальный УСК1- 1,25/2,0 (d 12,0мм)**",1425₽/шт, 0 шт
"Строп канатный универсальный УСК1- 1,25/3,0 (d 12,0мм)**",1855₽/шт, 0 шт
"Строп канатный универсальный УСК1-1,25/4,0 (d 12,0мм)",2260₽/шт, 0 шт
"Строп канатный универсальный УСК1- 1,6/1,5м (d 14,0мм)**",1465₽/шт, 0 шт
"Строп канатный универсальный УСК1- 1,6/2,0 (d 14,0мм)**",2100₽/шт, 0 шт
"Строп канатный универсальный УСК1- 1,6/2,0 (d 14,0мм, заплет)",2260₽/шт, 0 шт
"Строп канатный универсальный УСК1- 1,6/3,0 (d 14,0мм)**",2205₽/шт, 0 шт
"Строп канатный универсальный УСК1- 2,0т/1,0м (d 15,0мм) **",1435₽/шт, 0 шт
"Строп канатный универсальный УСК1- 2,0т/1,5м (d 15,0мм) **",1725₽/шт, 0 шт
"Строп канатный универсальный УСК1- 2,0т/2,0м (d 15,0мм) **",2015₽/шт, 0 шт
"Строп канатный универсальный УСК1- 2,0т/3,0м (d 15,0мм) **",2595₽/шт, 0 шт
"Строп канатный универсальный УСК1- 2,0т/4,0м (d 15,0мм) **",3175₽/шт, 0 шт
"Строп канатный универсальный УСК1- 2,0т/4,0м (d 15,0мм)**",3175₽/шт, 0 шт
"Строп канатный универсальный УСК1- 2,0т/5,0м (d 15,0мм)**",3755₽/шт, 0 шт
"Строп канатный универсальный УСК1- 2,5т/2,0м (d 16,5мм) **",2630₽/шт, 0 шт
"Строп канатный универсальный УСК1- 2,5т/3,0м (d 16,5мм)**",3350₽/шт, 0 шт
"Строп канатный универсальный УСК1- 2,5т/4,0м (d 16,5мм)**",4065₽/шт, 0 шт
"Строп канатный универсальный УСК1- 2,5т/5,0м (d 16,5мм)**",4785₽/шт, 0 шт
"Строп канатный универсальный УСК1- 3,2/2,0 (d 19,5мм)**",3200₽/шт, 0 шт
"Строп канатный универсальный УСК1- 3,2/3,0 (d 19,5мм)**",4050₽/шт, 0 шт
"Строп канатный универсальный УСК1- 3,2/4,0 (d 19,5мм)**",4900₽/шт, 0 шт
"Строп канатный универсальный УСК1- 3,2/5,0 (d 19,5мм)**",6040₽/шт, 0 шт
"Строп канатный универсальный УСК1- 3,2/6,0 (d 19,5мм)**",6600₽/шт, 0 шт
"Строп канатный универсальный УСК1- 4,0тн/2,0 (d 21,0мм)**",4270₽/шт, 0 шт
"Строп канатный универсальный УСК1- 4,0тн/3,0 (d 21,0мм)**",5350₽/шт, 1 шт
"Строп канатный универсальный УСК1- 4,0тн/4,0 (d 21,0мм)**",6430₽/шт, 0 шт
"Строп канатный универсальный УСК1- 5,0т/2,0м (d 23,5мм)**",5235₽/шт, 0 шт
"Строп канатный универсальный УСК1- 5,0т/3,0м (d 23,5мм)**",6460₽/шт, 0 шт
"Строп канатный универсальный УСК1- 5,0т/4,0м (d 23,5мм)**",7680₽/шт, 0 шт
"Строп канатный универсальный УСК1- 5,0т/5,0м (d 23,5мм)**",8900₽/шт, 0 шт
"Строп канатный универсальный УСК1- 5,0т/6,0м (d 23,5мм)**",10125₽/шт, 0 шт
"Строп канатный универсальный УСК1- 8т/ 4,0м (d 31,0мм)**",14025₽/шт, 0 шт
"Строп канатный универсальный УСК1- 8т/ 8,0м (d 31,0мм)**",21930₽/шт, 0 шт
"Стяжной ремень СР-25 (0,5/1т-5м, оранжевый)",220₽/шт, 41 шт
"Стяжной ремень СР-35 (2,5/5т-6м, оранжевый)",490₽/шт, 91 шт
"Стяжной ремень СР-50/3 (2,5/5т-3м, оранжевый)",755₽/шт, 12 шт
"Стяжной ремень СР-50/4 (4/8т-10м, оранжевый)",1030₽/шт, 36 шт
"Стяжной ремень СР-50/5 (5/10т-10м, оранжевый)",1060₽/шт, 77 шт
"Стяжной ремень СР-75 (10/20т-10м, оранжевый)",3210₽/шт, 4 шт
"Стяжной ремень СР-100 (10/20т-10м, оранжевый)",3840₽/шт, 3 шт
"Стяжной ремень кольцевой СРк-25 (1т-5м, оранжевый)",150₽/шт, 27 шт
"Стяжной ремень кольцевой СРк-35 (3т-5м, оранжевый)",275₽/шт, 7 шт
"Стяжной ремень СРМ-15 (0,2 т/ 1,5м) с пружинным замком (красная лента)",72₽/шт, 107 шт
"Стяжной ремень СРМ-30 (0,2 т/ 3м) с пружинным замком (желтая лента)",90₽/шт, 185 шт
"Стяжной ремень СРМ-40 (0,2 т/ 4м) с пружинным замком (синяя лента)",105₽/шт, 56 шт
"Блок монтажный с крюком K1-0,5 (г/п 0,5тн, канат 7,7мм, 1 ролик) ""TOR""",860₽/шт, 9 шт
"Блок монтажный с крюком K1-1 (г/п 1,0 тн, канат 11,0мм, 1 ролик) ""TOR""",1235₽/шт, 0 шт
"Блок монтажный с крюком K1-2 (г/п 2,0 тн, канат 11,0мм, 1 ролик) ""TOR""",2380₽/шт, 0 шт
"Блок монтажный с крюком K1-3,2 (г/п 3,2 тн, канат 15,5мм, 1 ролик) ""TOR""",5330₽/шт, 3 шт
"Таль ручная шестеренная ТРЩ 0,5т/3м (тип C) ""TOR""",4050₽/шт, 2 шт
"Таль ручная шестеренная ТРШ 0,5т/6м (тип C) ""TOR""",6000₽/шт, 2 шт
"Таль ручная шестеренная ТРШ 1т/3м (тип C) ""TOR""",4135₽/шт, 1 шт
"Таль ручная шестеренная ТРШ 1т/6м (тип C) ""TOR""",5200₽/шт, 2 шт
"Таль ручная шестеренная ТРШ 2т/3м (тип C) ""TOR""",4875₽/шт, 3 шт
"Таль ручная шестеренная ТРШ 2т/6м (тип C) ""TOR""",6300₽/шт, 2 шт
"Таль ручная шестеренная ТРШ 3т/3м (тип C) ""TOR""",10210₽/шт, 4 шт
"Таль ручная шестеренная ТРШ 3т/6м (тип C) ""TOR""",9350₽/шт, 2 шт
"Таль рычажная ручная ТРР-ТРШСР 1,0т/3м (тип HSH) ""TOR""",4355₽/шт, 1 шт
"Таль рычажная ручная ТРР-ТРШСР 1,0т/6м (тип HSH) ""TOR""",5150₽/шт, 2 шт
"Таль рычажная ручная ТРР-ТРШСР 2,0т/3м (тип HSH) ""TOR""",6050₽/шт, 2 шт
"Таль рычажная ручная ТРР-ТРШСР 2,0т/6м (тип HSH) ""TOR""",7050₽/шт, 2 шт
"Таль рычажная ручная ТРР-ТРШСР 3,0т/3м (тип HSH) ""TOR""",7800₽/шт, 2 шт
"Таль рычажная ручная ТРР-ТРШСР 3,0т/6м (тип HSH) ""TOR""",9225₽/шт, 3 шт
"Таль электрическая PA-125/250 (г/п - 125/250кг, высота - 12/6м, 220В) ""TOR""",8230₽/шт, 1 шт
"Таль электрическая PA-250/500 (г/п - 250/500кг, высота - 12/6м, 220В) ""TOR""",9600₽/шт, 1 шт
"Таль электрическая PA-600/1200 (г/п-600/1200кг, высота-12/6м, 220В) ""TOR""",18720₽/шт, 0 шт
"Тележка гидравлическая DB-2000 кг (г/п-2000 кг,вилы - 1150 мм, полиуретановые колеса) XILIN (TOR)",15600₽/шт, 2 шт
"Тележка гидравлическая DF-III (г/п-2500 кг, полиуретан.колеса) XILIN (TOR)",17100₽/шт, 2 шт
"Тележка гидравлическая RHP (г/п-2500 кг, полиуретан.колеса, литой гидроузел) ""TOR""",21585₽/шт, 2 шт
